titulo,estatus,tiempo_de_publicado,publicado_por,denominacion,precio,metros_totales,recamaras,banos,Cantidad de pisos:,Asador:,Estacionamientos:,Con condominio cerrado:,Jardin:,Alberca:,Antiguedad:,ubicacion,descripcion,url
Casa Nueva Venta Dentro De Fraccionamiento Residencial Cerca Aeropuerto De Toluca,Casa en Venta,Publicado hace 47 dias,Inmobiliaria con identidad verificada,$,"2,400,000",Propiedad sin metros totales,Propiedad sin recamaras,Propiedad sin banos,sin dato,sin dato,sin dato,sin dato,sin dato,sin dato,sin dato,"Avenida Arboleda 102, San Mateo Otzacatipan, Toluca, Estado De Mexico","Ven a conocer y estrenar tu nuevo hogar !!!! Cerca del Aeropuerto de Toluca!!! Casas residenciales desde $2,400,000Equipamiento precios:Cocina $100,772Closet Rec 1 $17,850Closet Rec 2 $17,850Vestidor Rec Principal $22,500Canceles de bano (2) $28,200Equipamiento completo $187,172Agenda una visita, contactame y conoce mas en: https://wa.me/+5523054595Visita nuestro sitio webhttps://magnohomemx.wiggot.mxPrivilegiada ubicacion con rapida conexion a principales vias de comunicacion de la zona ademas de su cercania con centros comerciales, servicios basicos como escuelas de todos los niveles, hospitales, pueblos magicos, esparcimiento, restaurantes, lo que garantiza una gran plusvalia. Fraccionamiento Residencial con Amenities, escuelas (kinder y primaria) proximamente area comercial.Privadas con zona de estacionamiento de visitas, gran jardin comun en medio de la privada y palapa con asador.Portico con control de acceso.Superficie:132 m2 construccion 90 m2 terrenoPlanta Baja: Sala, cocina, comedor, medio bano, cuarto de lavado, jardin posterior, estacionamiento semitechado para 2 autos.Planta alta:3 recamaras Principal con bano y vestidor.Recamaras junior comparten banoEl precio de venta no incluye muebles ni accesorios, estos son de caracter ilustrativo.El precio de venta no incluye gastos de escrituras, ni gastos notariales, ni de gestion hipotecaria.Modelo VasariSeccion CretaEncuentranos en las redes sociales Facebook @magno_home@Magno Home Bienes RaicesInstagram@Magno Home*Precios sujetos a cambio sin previo aviso.*Consulta terminos y condiciones en: https://ruba.com.mx/tyc*Revisa nuestro aviso de privacidad: https://ruba.com.mx/aviso-de-privacidad/",https://casa.mercadolibre.com.mx/MLM-3193124210-casa-nueva-venta-dentro-de-fraccionamiento-residencial-cerca-aeropuerto-de-toluca-_JM#position%3D1%26search_layout%3Dgrid%26type%3Ditem%26tracking_id%3D4e870176-85be-4932-be48-5e9ba2249e0d
Casa Nueva En Venta Dentro De Fraccionamiento Residencial Cerca Del Aeropuerto De Toluca,Casa en Venta,Publicado hace 47 dias,Inmobiliaria con identidad verificada,$,"2,100,000",113 m2 totales,3 recamaras,2 banos,2,No,2,sin dato,Si,No,0 anos,"Avenida Arboleda 102, San Mateo Otzacatipan, Toluca, Estado De Mexico","Ven a conocer y estrenar tu nuevo hogar !!!! Cerca del Aeropuerto de Toluca!!! Casas residenciales desde $2,100,000Equipamiento precios:Cocina $100,772Closet Rec 1 $17,850Closet Rec 2 $17,850Vestidor Rec Principal $22,500Canceles de bano (2) $28,200Equipamiento completo $187,172Agenda una visita, contactame y conoce mas en: https://wa.me/+5523054595Visita nuestro sitio webhttps://magnohomemx.wiggot.mxPrivilegiada ubicacion con rapida conexion a principales vias de comunicacion de la zona ademas de su cercania con centros comerciales, servicios basicos como escuelas de todos los niveles, hospitales, pueblos magicos, esparcimiento, restaurantes, lo que garantiza una gran plusvalia. Fraccionamiento Residencial con Amenities, escuelas (kinder y primaria) proximamente area comercial.Privadas con zona de estacionamiento de visitas, gran jardin comun en medio de la privada y palapa con asador.Portico con control de acceso.Superficie:113 m2 construccion 90 m2 terrenoPlanta Baja: Sala, cocina, comedor, medio bano, cuarto de lavado, jardin posterior, estacionamiento semitechado para 2 autos.Planta alta:3 recamaras Principal con bano y vestidor.Recamaras junior comparten banoEl precio de venta no incluye muebles ni accesorios, estos son de caracter ilustrativo.El precio de venta no incluye gastos de escrituras, ni gastos notariales, ni de gestion hipotecaria.Modelo BelliniSeccion CretaEncuentranos en las redes sociales Facebook @magno_home@Magno Home Bienes RaicesInstagram@Magno Home*Precios sujetos a cambio sin previo aviso.*Consulta terminos y condiciones en: https://ruba.com.mx/tyc*Revisa nuestro aviso de privacidad: https://ruba.com.mx/aviso-de-privacidad/",https://casa.mercadolibre.com.mx/MLM-2093694381-casa-nueva-en-venta-dentro-de-fraccionamiento-residencial-cerca-del-aeropuerto-de-toluca-_JM#position%3D2%26search_layout%3Dgrid%26type%3Ditem%26tracking_id%3D4e870176-85be-4932-be48-5e9ba2249e0d
Casa Nueva Venta Residencial Dentro De Fraccionamiento Cerca Del Aeropuerto De Toluca,Casa en Venta,Publicado hace 47 dias,Inmobiliaria con identidad verificada,$,"2,230,000",90 m2 totales,3 recamaras,1 bano,1,Si,2,sin dato,Si,No,0 anos,"Avenida Arboleda 102, San Mateo Otzacatipan, Toluca, Estado De Mexico","Ven a conocer y estrenar tu nuevo hogar !!!! Cerca del Aeropuerto de Toluca!!! Casas residenciales desde $2,230,000Equipamiento precios:Cocina $100,772Closet Rec 1 $17,850Closet Rec 2 $17,850Vestidor Rec Principal $22,500Canceles de bano (2) $28,200Equipamiento completo $187,172Agenda una visita, contactame y conoce mas en: https://wa.me/+5523054595Visita nuestro sitio webhttps://magnohomemx.wiggot.mxPrivilegiada ubicacion con rapida conexion a principales vias de comunicacion de la zona ademas de su cercania con centros comerciales, servicios basicos como escuelas de todos los niveles, hospitales, pueblos magicos, esparcimiento, restaurantes, lo que garantiza una gran plusvalia. Fraccionamiento Residencial con Amenities, escuelas (kinder y primaria) proximamente area comercial.Privadas con zona de estacionamiento de visitas, gran jardin comun en medio de la privada y palapa con asador.Portico con control de acceso.Superficie:124 m2 construccion 90 m2 terrenoPlanta Baja: Sala, cocina, comedor, medio bano, cuarto de lavado, jardin posterior, estacionamiento semitechado para 2 autos.Planta alta:3 recamaras Principal con bano y vestidor.Recamaras junior comparten banoSala de TVEl precio de venta no incluye muebles ni accesorios, estos son de caracter ilustrativo.El precio de venta no incluye gastos de escrituras, ni gastos notariales, ni de gestion hipotecaria.Modelo SanzioSeccion CretaEncuentranos en las redes sociales Facebook @magno_home@Magno Home Bienes RaicesInstagram@Magno Home*Precios sujetos a cambio sin previo aviso.*Consulta terminos y condiciones en: https://ruba.com.mx/tyc*Revisa nuestro aviso de privacidad: https://ruba.com.mx/aviso-de-privacidad/",https://casa.mercadolibre.com.mx/MLM-2093632853-casa-nueva-venta-residencial-dentro-de-fraccionamiento-cerca-del-aeropuerto-de-toluca-_JM#position%3D3%26search_layout%3Dgrid%26type%3Ditem%26tracking_id%3D4e870176-85be-4932-be48-5e9ba2249e0d
"Casa Nueva En Venta En Fraccionamiento, A 10 Min. Del Aeropuerto Internacional De Toluca.",Casa en Venta,Publicado hace 40 dias,Inmobiliaria con identidad verificada,$,"4,030,000",189 m2 totales,3 recamaras,2 banos,2,No,2,sin dato,Si,No,0 anos,"Avenida Arboleda 102, San Mateo Otzacatipan, Toluca, Estado De Mexico","Cubriendo la necesidad de vivienda de la zona se ha desarrollado un fraccionamiento a 10 minutos del Aeropuerto Internacional de Toluca.  Con acceso controlado, areas verdes y segmentado en condominios privados puedes acceder a una nueva calidad de vida. Seccion Rubi.Modelo Dante, el mas vendido de la seccion.Cuenta con las siguientes amenidades:  Trotapista, multicanchas deportivas, ciclovia, estaciones de ejercicio al aire libre y andadores peatonales.  Todo en el mismo lugar. Caracteristicas de la vivienda.Planta Baja:  Sala, comedor, cocina, jardin posterior, cuarto de lavado, medio bano, estacionamiento semi techado para 2 autos.Planta Alta: 1 recamara principal con bano completo y vestidor, 2 recamaras secundarias que comparten un bano completo y sala de television.Consideraciones:* El precio incluye equipamiento en cocina, closets de las 2 recamaras secundarias, vestidor de la recamara principal y canceles de bano (2). * No se incluye muebles, accesorios y plantas, las imagenes son de caracter ilustrativo.* Precios sujetos a cambio sin previo aviso.* Precios expresados en moneda nacional.* Los gastos de escrituracion, gastos notariales y gestion hipotecaria no estan incluidos en el precio de venta y deberan ser pagados por el comprador.* Los precios aplican solo para las viviendas disponibles a la venta al momento del apartado.Consulta terminos y condiciones en: https://ruba.com.mx/tycRevisa nuestro aviso de privacidad: https://ruba.com.mx/aviso-de-privacidad",https://casa.mercadolibre.com.mx/MLM-2098166311-casa-nueva-en-venta-en-fraccionamiento-a-10-min-del-aeropuerto-internacional-de-toluca-_JM#position%3D4%26search_layout%3Dgrid%26type%3Ditem%26tracking_id%3D4e870176-85be-4932-be48-5e9ba2249e0d
"Casa Nueva En Venta En Toluca, En Fraccionamiento Con Áreas Verdes, Privacidad Y Seguridad.",Casa en Venta,Publicado hace 39 dias,Inmobiliaria con identidad verificada,$,"4,530,000",144 m2 totales,3 recamaras,3 banos,2,No,2,sin dato,Si,No,0 anos,"Avenida Arboleda 102, San Mateo Otzacatipan, Toluca, Estado De Mexico","Fraccionamiento a unos metros de la Av. Lopez Portillo en Toluca, atras de Plaza Santin.Con el fin de satisfacer la demanda de vivienda en la zona se ha construido este fraccionamiento con acceso controlado distribuido en condominios privados.Amenidades: Trota pista, multicanchas deportivas, areas verdes, ciclo via, palapas, area de lectura, estaciones de ejercicio al aire libre, andadores peatonales.Cerca de escuelas, hospitales, centros comerciales, parques industriales y del Aeropuerto Internacional de Toluca.Seccion Rubi.Modelo Tintoretto.Planta Baja: Sala, comedor, cocina, jardin posterior, cuarto de lavado, medio bano, estacionamiento semitechado para 2 autos, acceso principal a doble altura.Planta Alta: 1 recamara principal con bano y vestidor, 2 recamaras secundarias con bano completo cada una, sala de tv.Consideraciones:* No se incluye muebles, accesorios y plantas, las imagenes son de caracter ilustrativo.* Precios sujetos a cambio sin previo aviso.* Precios expresados en moneda nacional.* Los gastos de escrituracion, gastos notariales y gestion hipotecaria no estan incluidos en el precio de venta y deberan ser pagados por el comprador.* Los precios aplican solo para las viviendas disponibles a la venta al momento del apartado.Consulta terminos y condiciones en: https://ruba.com.mx/tycRevisa nuestro aviso de privacidad: https://ruba.com.mx/aviso-de-privacidad",https://casa.mercadolibre.com.mx/MLM-3215849328-casa-nueva-en-venta-en-toluca-en-fraccionamiento-con-areas-verdes-privacidad-y-seguridad-_JM#position%3D5%26search_layout%3Dgrid%26type%3Ditem%26tracking_id%3D4e870176-85be-4932-be48-5e9ba2249e0d
Casa Nueva En Venta En Toluca En Fraccionamiento Con Áreas Verdes,Casa en Venta,Publicado hace 45 dias,Inmobiliaria con identidad verificada,$,"3,390,000",120 m2 totales,3 recamaras,2 banos,2,No,2,sin dato,Si,No,0 anos,"Avenida Arboleda 102, San Mateo Otzacatipan, Toluca, Estado De Mexico","Ahora puedes vivir en condominio privado con acceso contralado a pocos metros de la Av. Lopez Portillo en Toluca, Estado de Mexico. Cerca de centros comerciales, escuelas, hospitales, parques industriales y del Aeropuerto Internacional de Toluca.Seccion RubiModelo LippiPlanta Baja: Sala, comedor, cocina equipada, jardin posterior, area de lavado techada, medio bano y estacionamiento semi techado para 2 autos.Planta Alta: 1 recamara principal con bano completo y vestidor, 2 recamaras secundarias que comparten un bano completo.* No se incluye muebles, accesorios y plantas, las imagenes son de caracter ilustrativo.* Precios sujetos a cambio sin previo aviso.* Precios expresados en moneda nacional.* Los gastos de escrituracion, gastos notariales y gestion hipotecaria no estan incluidos en el precio de venta y deberan ser pagados por el comprador.* Los precios aplican solo para las viviendas disponibles a la venta al momento del apartado.Consulta terminos y condiciones en: https://ruba.com.mx/tycRevisa nuestro aviso de privacidad: https://ruba.com.mx/aviso-de-privacidad",https://casa.mercadolibre.com.mx/MLM-2095015205-casa-nueva-en-venta-en-toluca-en-fraccionamiento-con-areas-verdes-_JM#position%3D6%26search_layout%3Dgrid%26type%3Ditem%26tracking_id%3D4e870176-85be-4932-be48-5e9ba2249e0d
Casa En Venta Áurea Toluca Modelo Bellini,Casa en Venta,Publicado hace 13 dias,Inmobiliaria con identidad verificada,$,"2,100,000",90 m2 totales,3 recamaras,2 banos,sin dato,No,2,sin dato,Si,No,0 anos,"Av, Arboleda, San Mateo Otzacatipan, Toluca, Estado De Mexico","Casa en venta en Áurea, en la zona encontraras todos los servicios necesarios como escuelas, bancos, centros comerciales, super, restaurantes.Se encuentra a unos minutos del Parque Toluca 2000.Las casas no comparten muros, se encuentran dentro de privadas. Seguridad las 24 horas, areas verdes, juegos infantiles, trotapista, multicanchas deportivas, ciclovia, palapas, gimnasios al aire libre y zona comercial, todo esto ideal para disfrutar con tu familia.La casa cuenta en Planta Baja con sala comedor con vista al jardin, cocina, bano de visitas, cuarto de lavado, estacionamiento para 2 autos.En Planta Alta se encuentra la recamara principal con vestidor y closet y 2 recamaras secundarias con closet que comparten un bano.Precio de venta desde $2,100,000 no incluye cocina, closets, vestidor ni canceles. Precio equipada $2,289,672.00Costo por equipamiento: $189,672Cocina $100,772.00Closet Recamara 1 $17,850Closet Recamara 2 $17,850Vestidor Recamara Principal $22,500Canceles de los banos $30,700Las imagenes son ilustrativas y pueden variar al producto finalPrecios sujetos a cambio sin previo avisoPrecios expresados en Moneda NacionalLos gastos de escrituracion no estan expresados en el precio de venta y corren por cuenta del cliente.Los precios aplican solamente para las viviendas disponibles a la venta al momento del apartado.El precio por m2 de terreno excedente sera confirmado por el asesor de venta.De acuerdo al numeral 5.6.7 de la NOM 247 el precio no incluye gastos de escrituracion ni comisiones por apertura de credito, se cotizaran en su momento.Las imagenes, planos, superficies y todo lo que se muestra son ilustrativas y podria sufrir modificaciones sin previo aviso. El inmueble no incluye mobiliario, decoracion, linea blanca y/o electrodomesticos.Alturath Inmobiliaria se reserva el derecho de cambios de precio sin previo aviso. Consulte aviso de privacidad www.alturathinmobiliaria.comContrato de adhesion inscrito el 11 de mayo del 2023 en el Registro Publico de Contratos de Adhesion de la Profeco bajo el numero 4726-2023.",https://casa.mercadolibre.com.mx/MLM-2114982447-casa-en-venta-aurea-toluca-modelo-bellini-_JM#position%3D7%26search_layout%3Dgrid%26type%3Ditem%26tracking_id%3D4e870176-85be-4932-be48-5e9ba2249e0d
"Casa Nueva En Venta, Moderna A Unos Metros De La Av. Lopez Portillo En Toluca.",Casa en Venta,Publicado hace 47 dias,Inmobiliaria con identidad verificada,$,"2,060,000",90 m2 totales,3 recamaras,2 banos,2,No,2,sin dato,Si,No,0 anos,"Avenida Arboleda 102, San Mateo Otzacatipan, Toluca, Estado De Mexico","Goza de una nueva manera de vivir, en fraccionamiento a unos metros de la Av. Lopez Portillo en Toluca, Estado de Mexico.Acceso controlado en condominios privados rodeados de areas verdes, trota pista, multicanchas deportivas, ciclovia, estaciones de ejercicio al aire libre y andadores peatonales.Cerca de centros comerciales, escuelas, parque industrial Toluca 2000, Exportec, entre otros y a pocos minutos del Aeropuerto Internacional de Toluca.Seccion CretaModelo BelliniPlanta Baja: Sala, comedor, cocina, medio bano, area de lavado techada, jardin posterior, estacionamiento para 2 autos.Planta Alta: 1 recamara principal con bano y espacio para vestidor, 2 recamaras secundarias que comparten un bano.El precio no incluye cocina, closets de las 2 recamaras secundarias, vestidor de la recamara principal y canceles de bano. Este equipamiento tiene un costo adicional.Precios sujetos a cambio sin previo avisoEl precio de venta no incluye muebles, accesorios y plantas, las imagenes son de caracter ilustrativo.El precio de venta no incluye gastos de escrituras, gastos notariales, ni de gestion hipotecaria, estos deben ser pagados por el comprador.Consulta terminos y condiciones en: https://ruba.com.mx/tycRevisa nuestro aviso de privacidad: https://ruba.com.mx/aviso-de-privacidad",https://casa.mercadolibre.com.mx/MLM-2093716073-casa-nueva-en-venta-moderna-a-unos-metros-de-la-av-lopez-portillo-en-toluca-_JM#position%3D8%26search_layout%3Dgrid%26type%3Ditem%26tracking_id%3D4e870176-85be-4932-be48-5e9ba2249e0d
Nueva Moderna Preciosa Bien Ubicada Segura Excelente Precio,Casa en Venta,Publicado hace 36 dias,Particular con identidad verificada,$,"2,750,000",139 m2 totales,3 recamaras,3 banos,sin dato,sin dato,2,sin dato,sin dato,sin dato,sin dato,"Albert Einstein 405, Toluca, Toluca, Estado De Mexico",A estrenar! 3 rec 3 banos estudio 2 estacionamientos cuarto de lavado jardin seguridad 24 hrs roof garden terrazas en recamara principal acabados de lujo fraccionamiento nuevo papeles en regla,https://casa.mercadolibre.com.mx/MLM-3313857294-nueva-moderna-preciosa-bien-ubicada-segura-excelente-precio-_JM#position%3D9%26search_layout%3Dgrid%26type%3Ditem%26tracking_id%3D4e870176-85be-4932-be48-5e9ba2249e0d
"Casa Nueva En Venta, Funcional Y En Fraccionamiento En Toluca.",Casa en Venta,Publicado hace 42 dias,Inmobiliaria con identidad verificada,$,"2,170,000",90 m2 totales,3 recamaras,2 banos,2,No,2,sin dato,Si,No,0 anos,"Avenida Arboleda 102, San Mateo Otzacatipan, Toluca, Estado De Mexico","Una casa siempre sera una inversion segura.Conoce nuestro fraccionamiento donde podras encontrar distintas opciones de vivienda.Seccion CretaModelo Sanzio, el modelo mas vendido de la seccion.Planta Baja: Sala, comedor, cocina, medio bano, area de lavado techada, jardin posterior, estacionamiento para 2 autos.Planta Alta: 1 recamara principal con bano completo y espacio para vestidor.2 recamaras secundarias que comparten un bano completo. Sala de television.* El precio no incluye cocina, closets de las 2 recamaras secundarias, vestidor de la recamara principal y canceles de bano. Este equipamiento tiene un costo adicional.* No se incluye muebles, accesorios y plantas, las imagenes son de caracter ilustrativo.* Precios sujetos a cambio sin previo aviso.* Precios expresados en moneda nacional.* Los gastos de escrituracion, gastos notariales y gestion hipotecaria no estan incluidos en el precio de venta y deberan ser pagados por el comprador.* Los precios aplican solo para las viviendas disponibles a la venta al momento del apartado.Consulta terminos y condiciones en: https://ruba.com.mx/tycRevisa nuestro aviso de privacidad: https://ruba.com.mx/aviso-de-privacidad",https://casa.mercadolibre.com.mx/MLM-3204465218-casa-nueva-en-venta-funcional-y-en-fraccionamiento-en-toluca-_JM#position%3D10%26search_layout%3Dgrid%26type%3Ditem%26tracking_id%3D4e870176-85be-4932-be48-5e9ba2249e0d
"Casas Nuevas En Venta En Toluca, Residencial Aurea, Seccion Rubi",Casa en Venta,Publicado hace 1 dia,Inmobiliaria con identidad verificada,$,"3,390,000",120 m2 totales,3 recamaras,2 banos,0,No,2,Si,No,No,0 anos,"Arboleda, San Mateo Otzacatipan, Toluca, Estado De Mexico","Casas nuevas en venta en Toluca, Residencial Aurea Seccion Rubi.Descubre Áurea Residencial: El Hogar Ideal para Tu FamiliaSi suenas con vivir en un desarrollo que combine multiples amenidades deportivas, areas sociales de primer nivel y un entorno seguro y tranquilo para tu familia, ¡Áurea Residencial es la eleccion perfecta!Amenidades que Enamoran:Áurea Residencial no solo te ofrece un hogar, sino un estilo de vida completo. Disfruta de una Casa Club exclusiva en la seccion Rubi, trotapista, multicanchas deportivas, cancha de tenis, Dog Park, areas verdes, ciclovia, areas de lectura, estaciones de ejercicio, escuelas dentro del fraccionamiento y una vibrante zona comercial. Todo disenado para que tu y tu familia vivan sin preocupaciones.Invierte en Tu Futuro:Áurea Residencial reune lo mejor en diseno vanguardista, comodidad, contacto con la naturaleza, plusvalia garantizada y el respaldo de una marca confiable.Esta propiedad cuenta con 3 recamaras (principal con vestidos y 2 junior) 2.5 banos, sala de TV, cuarto de servicio y dos lugares de estacionamiento, todo en un entorno privilegiado que te conecta rapidamente con las principales vias de la zona.¡Haz de Áurea Residencial tu proximo hogar y disfruta de una vida llena de comodidad, estilo y seguridad!",https://casa.mercadolibre.com.mx/MLM-3320430156-casas-nuevas-en-venta-en-toluca-residencial-aurea-seccion-rubi-_JM#position%3D11%26search_layout%3Dgrid%26type%3Ditem%26tracking_id%3D4e870176-85be-4932-be48-5e9ba2249e0d
"Casa En Condominio En Venta En San Mateo Otzacatipan, Toluca, Mexico",Casa en Venta,Publicado hace 1 dia,Inmobiliaria con identidad verificada,$,"2,230,000",90 m2 totales,3 recamaras,2 banos,0,No,2,Si,No,No,0 anos,"Arboleda, San Mateo Otzacatipan, Toluca, Estado De Mexico","Casas nuevas en venta en Toluca, Fracc. Aurea. Vive la Experiencia de Áurea Residencial Si estas buscando un desarrollo donde tu y tu familia puedan disfrutar de multiples amenidades deportivas y areas sociales en un entorno seguro y sin preocupaciones, Áurea Residencial es tu mejor eleccion. Aqui encontraras mucho mas que solo una casa. Amenidades de Primera Clase Áurea Residencial te ofrece un estilo de vida incomparable con una variedad de amenidades disenadas para tu bienestar: Trotapista, Multicanchas Deportivas, Cancha de Tennis, Escuelas, Áreas Verdes, Portico de Acceso, Ciclovia, Áreas de Lectura, Estacion de Ejercicio y Zona Comercial. Invierte en Tu Hogar Ideal Áurea Residencial combina diseno vanguardista, comodidad, contacto con la naturaleza, alta plusvalia y el respaldo de una marca confiable. Esta residencia cuenta con 3 recamaras (la principal con espacio para vestidor), 2.5 banos y dos lugares de estacionamiento. Conexion y Comodidad Gracias a su ubicacion estrategicaÁurea Residencial ofrece facil acceso a las principales vias de la zona, asegurando que siempre estes conectado con todo lo que necesitas. Haz de Áurea Residencial tu proximo hogar y disfruta de una vida llena de comodidades y tranquilidad. ¡Contactanos hoy mismo para mas detalles! *** NO INCLUYE EL COSTO DEL EQUIPAMIENTO ***",https://casa.mercadolibre.com.mx/MLM-3320468658-casa-en-condominio-en-venta-en-san-mateo-otzacatipan-toluca-mexico-_JM#position%3D12%26search_layout%3Dgrid%26type%3Ditem%26tracking_id%3D4e870176-85be-4932-be48-5e9ba2249e0d
"Casas Nuevas En Venta En Toluca, Fracc. Aurea",Casa en Venta,Publicado hace 1 dia,Inmobiliaria con identidad verificada,$,"2,400,000",93 m2 totales,3 recamaras,2 banos,0,No,2,Si,No,No,0 anos,"Arboleda, San Mateo Otzacatipan, Toluca, Estado De Mexico","Casas nuevas en venta en Toluca, Fracc. Aurea. Vive la Experiencia de Áurea Residencial Si estas buscando un desarrollo donde tu y tu familia puedan disfrutar de multiples amenidades deportivas y areas sociales en un entorno seguro y sin preocupaciones, Áurea Residencial es tu mejor eleccion. Aqui encontraras mucho mas que solo una casa. Amenidades de Primera Clase Áurea Residencial te ofrece un estilo de vida incomparable con una variedad de amenidades disenadas para tu bienestar: Trotapista, Multicanchas Deportivas, Cancha de Tennis, Escuelas, Áreas Verdes, Portico de Acceso, Ciclovia, Áreas de Lectura, Estacion de Ejercicio y Zona Comercial. Invierte en Tu Hogar Ideal Áurea Residencial combina diseno vanguardista, comodidad, contacto con la naturaleza, alta plusvalia y el respaldo de una marca confiable. Esta residencia cuenta con 3 recamaras (la principal con espacio para vestidor), 2.5 banos, sala de TV y dos lugares de estacionamiento. Conexion y Comodidad Gracias a su ubicacion estrategicaÁurea Residencial ofrece facil acceso a las principales vias de la zona, asegurando que siempre estes conectado con todo lo que necesitas. Haz de Áurea Residencial tu proximo hogar y disfruta de una vida llena de comodidades y tranquilidad. ¡Contactanos hoy mismo para mas detalles! *** NO INCLUYE EL COSTO DEL EQUIPAMIENTO ***",https://casa.mercadolibre.com.mx/MLM-3320391282-casas-nuevas-en-venta-en-toluca-fracc-aurea-_JM#position%3D13%26search_layout%3Dgrid%26type%3Ditem%26tracking_id%3D4e870176-85be-4932-be48-5e9ba2249e0d
"Casas Nuevas En Venta En Toluca, Fracc. Aurea",Casa en Venta,Publicado hace 1 dia,Inmobiliaria con identidad verificada,$,"2,100,000",90 m2 totales,3 recamaras,2 banos,0,No,2,Si,No,No,0 anos,"Arboleda, San Mateo Otzacatipan, Toluca, Estado De Mexico","Casas nuevas en venta en Toluca, Fracc. Aurea.Vive la Experiencia de Áurea ResidencialSi estas buscando un desarrollo donde tu y tu familia puedan disfrutar de multiples amenidades deportivas y areas sociales en un entorno seguro y sin preocupaciones, Áurea Residencial es tu mejor eleccion. Aqui encontraras mucho mas que solo una casa.Amenidades de Primera ClaseÁurea Residencial te ofrece un estilo de vida incomparable con una variedad de amenidades disenadas para tu bienestar:Trotapista, Multicanchas Deportivas, Cancha de Tennis, Escuelas, Áreas Verdes, Portico de Acceso, Ciclovia, Áreas de Lectura, Estacion de Ejercicio y Zona Comercial.Invierte en Tu Hogar IdealÁurea Residencial combina diseno vanguardista, comodidad, contacto con la naturaleza, alta plusvalia y el respaldo de una marca confiable. Esta residencia cuenta con 3 recamaras (la principal con espacio para vestidor), 2.5 banos y dos lugares de estacionamiento.Conexion y ComodidadGracias a su ubicacion estrategica, Áurea Residencial ofrece facil acceso a las principales vias de la zona, asegurando que siempre estes conectado con todo lo que necesitas.Haz de Áurea Residencial tu proximo hogar y disfruta de una vida llena de comodidades y tranquilidad. ¡Contactanos hoy mismo para mas detalles!*** NO INCLUYE EL COSTO DEL EQUIPAMIENTO ***",https://casa.mercadolibre.com.mx/MLM-3320430148-casas-nuevas-en-venta-en-toluca-fracc-aurea-_JM#position%3D14%26search_layout%3Dgrid%26type%3Ditem%26tracking_id%3D4e870176-85be-4932-be48-5e9ba2249e0d
"Hermosa Casa En Guadalupe Y Club Jardin Toluca, Con Recursos Propios",Casa en Venta,Publicado hace 5 dias,Inmobiliaria con identidad verificada,$,"1,130,000",138 m2 totales,3 recamaras,2 banos,2,sin dato,2,sin dato,sin dato,sin dato,20 anos,"C. Girasol 218, Toluca, Toluca, Estado De Mexico","ADQUIERE ESTA HERMOSA CASA A PRECIO DE REMATE!!!Vivienda Adjudicada por el Banco  solo CON RECURSOS PROPIOS A pagar en 2 exhibiciones: Primer pago: $370,000 a la firma del CONTRATOSegundo pago:  en 7 meses, a la FIRMA DEL CONTRATO DE CESION DE DERECHOS EN LA NOTARIA PUBLICA CORRESPONDIENTE.Entregamos la vivienda en un plazo de 8 a 10 meses.      SI CUMPLES CON LOS REQUISITOS, NO ESPERES MÁS!!! Contactame,  para explicarte el proceso y despejar todas tus dudas.",https://casa.mercadolibre.com.mx/MLM-3311678064-hermosa-casa-en-guadalupe-y-club-jardin-toluca-con-recursos-propios-_JM#position%3D15%26search_layout%3Dgrid%26type%3Ditem%26tracking_id%3D4e870176-85be-4932-be48-5e9ba2249e0d
"Casa En Venta En Toluca, Fraccionamiento Aurea",Casa en Venta,Publicado hace 1 ano,Inmobiliaria con identidad verificada,$,"2,230,000",90 m2 totales,3 recamaras,2 banos,2,No,2,Si,Si,No,0 anos,"Av. Arboleda Sn, San Mateo Otzacatipan, Toluca, Estado De Mexico","Casa en venta en el Fraccionamiento Aurea Residencial, ubicado a 5 minutos del Parque Industrial Toluca 2000 y de Plaza Santin, donde encontraras tiendas como Liverpool, Sam's Club, Wal-Mart, ademas de bancos, cines, restaurantes, etc. Importantes colegios por la zona como el Instituto IPEFH. A 5 minutos del Aeropuerto Internacional de Toluca y a tan solo 35 minutos de Santa Fe.""Modelo Sanzio""Caracteristicas: 124 mts² Construccion 90 mts² Terreno Planta baja: Estacionamiento para 2 autos  Sala Comedor Cocina Medio bano Cuarto de lavado Jardin posteriorPlanta alta: Recamara principal con area paravestidor y bano completo 2 Recamaras secundarias con espacio para closet 1 Bano completo Sala de T.V./ Family room Casas en privada con acceso controlado, caseta de vigilancia y area verde.El Desarrollo cuenta con: Escuelas Zona comercial  Áreas verdes con palapas, andadores peatonales, trotapista , multicanchas, area de lectura, estacion de ejercicio al aire libre.Se aceptan creditos.",https://casa.mercadolibre.com.mx/MLM-2098269775-casa-en-venta-en-toluca-fraccionamiento-aurea-_JM#position%3D16%26search_layout%3Dgrid%26type%3Ditem%26tracking_id%3D4e870176-85be-4932-be48-5e9ba2249e0d
"Casa En Venta En Toluca, Fraccionamiento Aurea",Casa en Venta,Publicado hace 1 ano,Inmobiliaria con identidad verificada,$,"2,400,000",93 m2 totales,2 recamaras,2 banos,2,No,2,Si,Si,No,0 anos,"Av. Arboleda  Sn, San Mateo Otzacatipan, Toluca, Estado De Mexico","Casa en venta en el Fraccionamiento Aurea Residencial, ubicado a 5 minutos del Parque Industrial Toluca 2000 y de Plaza Santin, donde encontraras tiendas como Liverpool, Sam's Club, Wal-Mart, ademas de bancos, cines, restaurantes, etc.Importantes colegios por la zona como el Instituto IPEFH.A 5 minutos del Aeropuerto Internacional de Toluca y a tan solo 35 minutos de Santa Fe.""Modelo Vasari""Caracteristicas:132 mts² Construccion93 mts² Terreno Planta baja: Estacionamiento para 2 autos semicubierto Sala Comedor Cocina Medio bano Cuarto de lavado Jardin posteriorPlanta alta: Recamara principal con area paravestidor y bano completo 2 Recamaras secundarias con espacio para closet 1 Bano completo Sala de T.V./ Family room Casas en privada con acceso controlado, caseta de vigilancia y area verde. El Desarrollo  cuenta con: Escuelas Zona comercial  Áreas verdes con palapas, andadores peatonales, trotapista , multicanchas, area de lectura, estacion de ejercicio al aire libre.Se aceptan creditos.",https://casa.mercadolibre.com.mx/MLM-3213150744-casa-en-venta-en-toluca-fraccionamiento-aurea-_JM#position%3D17%26search_layout%3Dgrid%26type%3Ditem%26tracking_id%3D4e870176-85be-4932-be48-5e9ba2249e0d
Venta Casa Geo Villas San Mateo Toluca Pag Ba,Casa en Venta,Publicado hace 2 meses,Inmobiliaria con identidad verificada,$,"1,100,000",90 m2 totales,3 recamaras,1 bano,0,sin dato,1,sin dato,sin dato,sin dato,11 anos,"Geovillas Los Cedros, San Mateo Otzacatipan, Toluca, Estado De Mexico","Adquiere esta excelente propiedad a traves de REMATE BANCARIO para invertir o vivir, a un costo de hasta 60% menos del valor comercEspaciosa Casa en Venta con espacios unicos ubicada en Geovillas los Cedros Num. Ext. 0 Num. Int. S/N  Colonia La Arboleda V C.P. 50228, Mexico, cuenta con 1 bano, 3 recamaras, y 2 pisos. Tiene servicios como 1 estacionamiento, seguridad privada.SOLO DE CONTADO, NO SE ACEPTAN CRÉDITOS El pago se realiza en dos exhibiciones: * 1ER Pago a la firma de contrato (El contrato se Certifica con NOTARIO PÚBLICO) * 2DO Pago a la firma de Cesion de Derechos (Inmediata) ANTE NOTARIO Publico. * Mostramos Estatus Juridico*Empresa lider en Remates Bancarios en Mexico. Tenemos convenios con los principales bancos de Mexico. Somos la mejor opcion para ti. Asesoria durante todo el proceso hasta la entrega fisica del inmueble sin costo extra. **ENTREGA GARANTIZADA BAJO CONTRATO NOTARIADO**ESTAMOS INTEGRADOS POR UN AMPLIO EQUIPO DE PROFESIONALES, PARA SATISFACER LAS NECESIDADES PATRIMONIALES DE NUESTROS CLIENTES. LOS PRECIOS Y DISPONIBILIDAD SON SUJETOS A CAMBIO SIN PREVIO AVISO.",https://casa.mercadolibre.com.mx/MLM-2084379499-venta-casa-geo-villas-san-mateo-toluca-pag-ba-_JM#position%3D18%26search_layout%3Dgrid%26type%3Ditem%26tracking_id%3D4e870176-85be-4932-be48-5e9ba2249e0d
"Casa En Venta, En Toluca, Estado De Mexico,fraccionamiento Privado, Vigilancia.",Casa en Venta,Publicado hace 2 meses,Inmobiliaria con identidad verificada,$,"3,970,000",144 m2 totales,3 recamaras,2 banos,2,No,2,No,Si,No,1 anos,"San Mateo Otzacatipan, Toluca, Estado De Mexico","Casa en Venta en Toluca Estado de Mexico, Nueva sin Estrenar, Fraccionamiento Privado, Vigilancia 24/7. Modelo Dante tiene 144m2 de Terreno y 189m2 de Construccion. Cuenta con:P.B. Sala, Comedor, Cocina equipada con Cocina Integral, Jardin Posterior, Cuarto de Lavado, Medio bano,y 2 cajones de estacionamiento. En P.A. 3 Recamaras la principal con Bano completo y Vestidor, Recamaras secundarias con Closet,Bano completo compartido,y Sala de T.V. Cuenta con amenidades, Salon de usos multiples, Palapa, Asador, Jardines con juegos infantilesy estacionamiento para visitas. NOTA: No Inlcuye el Mobiliario.Tramitamos su Credito Institucional o Bancario sin Costo (La aprobacion de Creditos esta sujeta a las Politicas de cada Institucion).",https://casa.mercadolibre.com.mx/MLM-3090010204-casa-en-venta-en-toluca-estado-de-mexicofraccionamiento-privado-vigilancia-_JM#position%3D19%26search_layout%3Dgrid%26type%3Ditem%26tracking_id%3D4e870176-85be-4932-be48-5e9ba2249e0d
Vendo Casa Bien Ubicada En La Carretera Toluca- Naucalpan 1702,Casa en Venta,Propiedad sin tiempo de publicado,Publicado hace 4 meses por Rome Inmobiliaria,$,"1,557,291",140 m2 totales,3 recamaras,2 banos,2,No,2,Si,Si,No,18 anos,"Carretera Toluca-naucalpan 1702, San Mateo Otzacatipan, Toluca, Estado De Mexico","RECUPERACIÓN BANCARIA*SE ACEPTA CREDITO DEL ISSFAM*SE PUEDE TRAMITAR CREDITO EN BANCARIO*MULTIPLES OPCIONES PARA SACAR TU VIVIENDA*OFICINA FISICA EN EXCELENTE UBICACIÓN PARA AGENDAR CITA.LAS MEJORES VIVIENDAS LAS ZONAS DE ALTA PLUSVALÍA CON EXCELENTE UBICACIÓN, CERCA DE AV. PRINCIPALES, ESCUELAS, CENTROS COMERCIALES, HOSPITALES, PARQUES, MERCADOS, TRANSPORTE PÚBLICO, METROS ETC.Tengo el gusto de presentarme soy tu amigo Jose Esquivel en conjunto con despacho juridico abogados CUR y ROME bienes raices te presentamos la mejor forma de hacer crecer tu dinero y es mediante inmuebles, es una excelente oportunidad ya que estas adquiriendo propiedades por debajo del 70% del valor comercial. Mi compromiso es brindarte todo lo necesario para obtener LA PROPIEDAD DE TUS SUEÑOS, somos lideres y especialistas en la recuperacion de inmuebles, asi como en propiedades adjudicadas y en compra venta tradicional directa.La mejor manera de incrementar tu patrimonio o tener tu propio hogar*Operacion comoda*Entrega GARANTIZADA BAJO CONTRATO*Inmueble en condiciones para poder habitar*Facil, Rapido y Seguro.*Puedes ver el contrato con tu propio abogado para que te de la garantia que es seguro y con la seriedad que usted se merece ¡¡¡Te asesoramos y estamos contigo durante todo el proceso, acercate conmigo para mayor informacion!!! CONFIANZA, RESULTADOS Y PROFESIONALISMO NOS RESPALDAN¡¡¡Agenda una cita!!!PARA MAYOR INFORMACIÓN COMUNÍCATE CONMIGO, SI NO ALCANZO A CONTESTAR TU LLAMADA TE PUEDO ATENDER IGUAL POR WHATS QUE SE ENCUENTRA EN LA MISMA PUBLICACIÓN.",https://casa.mercadolibre.com.mx/MLM-2975983382-vendo-casa-bien-ubicada-en-la-carretera-toluca-naucalpan-1702-_JM#position%3D20%26search_layout%3Dgrid%26type%3Ditem%26tracking_id%3D4e870176-85be-4932-be48-5e9ba2249e0d
"Casa En Venta, En Toluca Estado De Mexico, Fraccionamiento Privado, Vigilancia.",Casa en Venta,Publicado hace 4 meses,Inmobiliaria con identidad verificada,$,"4,475,000",144 m2 totales,3 recamaras,3 banos,2,Si,2,No,Si,No,1 anos,"San Mateo Otzacatipan, Toluca, Estado De Mexico","Casa en Venta en Toluca Estado de Mexico, Fraccionamiento Nuevo Privado, Vigilancia 24/7. Modelo Tintoretto tiene 144m2 de Terreno y 213m2 de Construccion. Cuenta con P.B. Sala, Comedor, Cocina equipada con Cocina Integral, Jardin Posterior, Cuarto de Lavado, Medio Bano, Bodega abajo de la escalera, Acceso principal con doble alturaDos cajones de estacionamiento semitechados. P.A. 3 Recamaras la Principal con Bano completo y Vestidor, otra Recamara con Bano completo y Vestidor, la tercer Recamara con Bano completo y Closet, Sala de T.V. Vigilancia las 24 hrs. Cuenta con Amenidades, Salon de Usos multiples, Jardines con juegos infantiles, Palapa,Asador, Estacionamiento para visitas. NOTA: No Incluye el Mobiliario.Tramitamos su Credito Institucional o Bancario Sin Costo.(La aprobacion de Creditos esta sujeta a las Politicas de cada Institucion).",https://casa.mercadolibre.com.mx/MLM-2044614155-casa-en-venta-en-toluca-estado-de-mexico-fraccionamiento-privado-vigilancia-_JM#position%3D21%26search_layout%3Dgrid%26type%3Ditem%26tracking_id%3D4e870176-85be-4932-be48-5e9ba2249e0d
"Casa En Venta, En Toluca, Estado De Mexico, Fraccionamiento Privado, Vigilancia.",Casa en Venta,Publicado hace 2 meses,Inmobiliaria con identidad verificada,$,"3,340,000",120 m2 totales,3 recamaras,2 banos,2,Si,2,No,Si,No,1 anos,"San Mateo Otzacatipan, Toluca, Estado De Mexico","Casa en Venta, en Toluca, Estado de Mexico, en Fraccionamiento Privado, Vigilancia 24/7. Modelo Lippi tiene 120m2 de Terreno y 159m2 de Construccion. Cuenta con: P.B. Sala, Comedor, Cocina equipada con Cocina integral, Cuarto de servicio, Medio bano,y 2 cajones de estacionamiento.P.A. 3 Recamaras la principal con Bano completo y Vestidor, las otras 2 con Closets, Sala de T.V.,y Bano completo compartido para las recamaras secundarias. Cuenta con amenidades, Salon de usos multiples, Palapa, Asador, Jardines con juegos infantiles,y estacionamiento para visitas. NOTA: No Incluye el Mobiliario.Tramitamos su Credito Institucional o Bancario sin costo (La aprobacion de Creditos esta sujeta a las Politicas de cada Institucion).",https://casa.mercadolibre.com.mx/MLM-3090086142-casa-en-venta-en-toluca-estado-de-mexico-fraccionamiento-privado-vigilancia-_JM#position%3D22%26search_layout%3Dgrid%26type%3Ditem%26tracking_id%3D4e870176-85be-4932-be48-5e9ba2249e0d
"Inversion Segura, Venta De Remate En San Mateo Otzacatipan Toluca Edo.mex",Casa en Venta,Publicado hace 1 ano,Inmobiliaria con identidad verificada,$,"1,004,874",50 m2 totales,2 recamaras,2 banos,2,No,1,Si,No,No,10 anos,"San Mateo Otzacatipan, Estado De Mexico, Mexico, San Mateo Otzacatipan, Toluca, Estado De Mexico","Espera…. Yo tengo lo que tu estas buscandoSi lo que quieres es hacerte de un patrimonio, o incrementar el que ya tienes; soy tu mejor opcionCon nosotros no tienes que andar dando vueltas, aqui todo es claro, transparente y con la seguridad de que: o tomas posesion de una propiedad, o ganas una muy buena cantidad de dineroSomos profesionales y expertos en la materia, los unicos que te dicen la verdad de este mercadoPermiteme ensenarte como hacer que obtengas si, o si, lo que tu quieresSolo tienes que llamarNOTA: NO SE ACEPTAN CREDITOS HIPOTECARIOSh",https://casa.mercadolibre.com.mx/MLM-2107735431-inversion-segura-venta-de-remate-en-san-mateo-otzacatipan-toluca-edomex-_JM#position%3D23%26search_layout%3Dgrid%26type%3Ditem%26tracking_id%3D4e870176-85be-4932-be48-5e9ba2249e0d
"Casa En Venta En Geovillas Los Cedros, San Mateo, Toluca, St08",Casa en Venta,Publicado hace 2 meses,Inmobiliaria con identidad verificada,$,"947,000",80 m2 totales,3 recamaras,2 banos,2,No,2,Si,No,No,15 anos,"Geovillas Los Cedros, San Mateo Otzacatipan, Toluca, Estado De Mexico","SOMOS INMOBILIARIA:-Constructora inmobiliaria con un amplio abanico de servicios como compra venta tradicional, cartera vencida, remodelaciones, etc.-Oportunidad de obtener tu casa a un precio inigualable-Propiedades a un 60% menor a su valor comercial.-Adquiere la casa de tus suenos, ubicada en una de las mejores zonas de la CDMX y Republica Mexicana.-Todos nuestros procesos quedan garantizados bajo contrato, contamos con distintas formas de pago.-Tu hogar y la seguridad de tu inversion es lo mas importante para nosotros.-Precio sujeto a cambios y disponibilidad.-Aceptamos distintas formas de pago, aplican restricciones.Berenice Ramirez.Asesor Inmobiliario Certificado.",https://casa.mercadolibre.com.mx/MLM-2073608087-casa-en-venta-en-geovillas-los-cedros-san-mateo-toluca-st08-_JM#position%3D24%26search_layout%3Dgrid%26type%3Ditem%26tracking_id%3D4e870176-85be-4932-be48-5e9ba2249e0d
"Casa En Venta En Villas Sartori, Toluca, Edomex, St08",Casa en Venta,Publicado hace 20 dias,Inmobiliaria con identidad verificada,$,"879,000",90 m2 totales,3 recamaras,2 banos,2,No,1,Si,No,No,15 anos,"C. Independencia 116, San Mateo Otzacatipan, Toluca, Estado De Mexico","SOMOS INMOBILIARIA:-Oportunidad de obtener tu casa a un precio inigualable-Propiedades a un 60% menor a su valor comercial.-Adquiere la casa de tus suenos, ubicada en una de las mejores zonas de la CDMX y Republica Mexicana.-Todos nuestros procesos quedan garantizados bajo contrato.-Tu hogar y la seguridad de tu inversion es lo mas importante para nosotros.-Solo pago con recursos propios.(No aceptamos creditos)Berenice Ramirez.Asesor Inmobiliario Certificado.",https://casa.mercadolibre.com.mx/MLM-2110177343-casa-en-venta-en-villas-sartori-toluca-edomex-st08-_JM#position%3D25%26search_layout%3Dgrid%26type%3Ditem%26tracking_id%3D4e870176-85be-4932-be48-5e9ba2249e0d
"Casa En Venta En Barrio De San Bernardino, Toluca, St08",Casa en Venta,Publicado hace 24 dias,Inmobiliaria con identidad verificada,$,"988,000",200 m2 totales,5 recamaras,4 banos,2,No,2,No,No,No,15 anos,"C. Plutarco Gonzalez 907, Toluca, Toluca, Estado De Mexico","SOMOS INMOBILIARIA:-Oportunidad de obtener tu casa a un precio inigualable-Propiedades a un 60% menor a su valor comercial.-Adquiere la casa de tus suenos, ubicada en una de las mejores zonas de la CDMX y Republica Mexicana.-Todos nuestros procesos quedan garantizados bajo contrato.-Tu hogar y la seguridad de tu inversion es lo mas importante para nosotros.-Solo pago con recursos propios.(No aceptamos creditos)Berenice Ramirez.Asesor Inmobiliario Certificado.",https://casa.mercadolibre.com.mx/MLM-3264650298-casa-en-venta-en-barrio-de-san-bernardino-toluca-st08-_JM#position%3D26%26search_layout%3Dgrid%26type%3Ditem%26tracking_id%3D4e870176-85be-4932-be48-5e9ba2249e0d
Casa A Precio Remate En Toluca En Venta Mv,Casa en Venta,Publicado hace 25 dias,Inmobiliaria con identidad verificada,$,"1,700,000",108 m2 totales,3 recamaras,2 banos,1,No,2,sin dato,No,Si,9 anos,"Calle San Mateo, Toluca, Toluca, Estado De Mexico","Gran oportunidad de inversion para tu futuroVenta de propiedades de recuperacion bancaria (adjudicada) Empresa 100% transparentes, con mas de 8 anos de experiencia Propiedad ubicada en: CALLE SAN MATEO #101, CONJUNTO VILLAS SANTIN O VILLAS SANTIN II 101TIEMPO DE ENTREGA DE 2 MESES Con un valor de: $1,700,000Primer pago de: $200,000Caracteristicas de excelente plusvalia 3 rec2 banos 2 estacionamientos 2 pisos t: 108 c:171.52 Excelente metodo de inversion Mayte Vega asesor profesional",https://casa.mercadolibre.com.mx/MLM-3261633184-casa-a-precio-remate-en-toluca-en-venta-mv-_JM#position%3D27%26search_layout%3Dgrid%26type%3Ditem%26tracking_id%3D4e870176-85be-4932-be48-5e9ba2249e0d
"Casa En Venta Ex Rancho San Jose, Toluca",Casa en Venta,Publicado hace 40 dias,Inmobiliaria con identidad verificada,$,"12,500,000",600 m2 totales,4 recamaras,5 banos,sin dato,No,4,sin dato,Si,No,13 anos,"Circuito San Jose, 188, San Mateo Otzacatipan, Toluca, Estado De Mexico","Esta increible casa esta ubicada en una zona de gran afluencia comercial y de negocios, con salidas rapidas al Aeropuerto Internacional de Toluca, a la Carretera a Naucalpan y el Corredor Industrial Toluca-Lerma. Cercano al Fraccionamiento encontraras escuelas, tiendas de conveniencia, super mercados, restaurantes, etc. Dentro de sus areas comunes podras encontrar jardines, canchas deportivas, juegos infantiles y tiendas de conveniencia. El fraccionamiento cuenta con seguridad 24/7.La casa esta construida en tres niveles, cuenta con un amplio recibidor, bano de visitas, sala, comedor, cantina, con un domo de doble altura que ilumina la casa y la dota de calor todos los dias del ano, posee una amplia cocina integral equipada, con espacio para desayunador, alacena, lavanderia y una terraza extra techada; ademas en esta planta baja encontraras una espaciosa habitacion con bano completo, completamente funcional y espaciosa para que la utilices como mejor te convenga.En la planta alta posee 4 habitaciones, 3 de ellas con bano y vestidor cada una, las recamaras son espaciosas e iluminadas; en este piso se encuentra una amplia estancia que puede ser utilizada a tu conveniencia.En el tercer piso encontraras un cuarto de servicio y lavanderia extra. Asimismo, la casa cuenta con calentador solar adicional a las instalaciones de gas estacionario, para un adecuado ahorro de energia.Aunado a lo anterior tiene un pequeno loft con cocina integral, chimenea y bano completo, perfecto para las reuniones con familiares y/o amigos; en su amplio jardin podras disfrutar del bienestar que te brinda el contacto con la naturaleza o alguna parrillada de fin de semana, pues tambien cuenta con un asador empotrado para realizar las mejores carnes asadas!!No lo pienses mas, esta casa es una residencia pensada para vivir con confort y armonia, con acabados de buen gusto y distincion!!La casa de tus suenos te espera, agenda una cita con nosotros para conocerla!!**Contrato inscrito el 24 de Septiembre del 2022 en el Registro Publico de Contratos de Adhesion de la Profeco bajo el numero 5216-2022. **El precio publicado del inmueble no incluye el pago de impuestos, derechos y honorarios notariales.",https://casa.mercadolibre.com.mx/MLM-2098114909-casa-en-venta-ex-rancho-san-jose-toluca-_JM#position%3D28%26search_layout%3Dgrid%26type%3Ditem%26tracking_id%3D4e870176-85be-4932-be48-5e9ba2249e0d
"Casa En Venta Villa Toscana, Toluca, Estado De Mexico",Casa en Venta,Publicado hace 5 meses,Inmobiliaria con identidad verificada,$,"2,200,000",140 m2 totales,3 recamaras,2 banos,2,No,2,No,Si,No,2013 anos,"Genova 3, San Mateo Otzacatipan, Toluca, Estado De Mexico","Casa en Venta Villa Toscana II, Privada Genova 3La casa se encuentra dentro de privadaTerreno: 140 m2, construccion: 120m2,Distribucion:Planta Baja:- Sala,- Comedor,- bano,- Cocina con barra,- Jardin,Planta Alta:- Recamara principal con bano completo, vestidor y balcon,- 2 Recamaras con closet,- 1 bano completo,Caracteristicas:- 2 lugares de estacionamiento,- Dentro de privada,- Área de jardin,- Área de asador dentro de privada,Ubicacion y Servicios:- A 1.2 km de Foro Pegaso,- A 1.4 km de Parque Industrial Toluca 2000,- A 2.6 km de Escuela Preparatoria Oficial Num. 319,- A 2.7 km de Santas Alitas,- A 3.0 km de CFE Subestacion Electrica Toluca 2000,- A 4.0 km de Federacion Mexicana de Futbol Asociacion A.C. (FMF),- A 4.2 km de Multiplaza Santin,- A 5.6 km de IPEFH Aeropuerto Secundaria y Preparatoria,- A 7.2 km de Aeropuerto Internacional de Toluca (AIT), Transporte publico disponible, OPDAPAS, CFE, Drenaje, Servicios Municipales.En las operaciones de credito el precio total se determinara en funcion de los montos variables de conceptos de credito y gastos notariales que deben ser consultados con los promotores, conforme al apartado 5.6.7 de la NOM-247-SE-2021.",https://casa.mercadolibre.com.mx/MLM-2033159349-casa-en-venta-villa-toscana-toluca-estado-de-mexico-_JM#position%3D29%26search_layout%3Dgrid%26type%3Ditem%26tracking_id%3D4e870176-85be-4932-be48-5e9ba2249e0d
"Casa En Venta En Toluca, Fraccionamiento Aurea",Casa en Venta,Publicado hace 26 dias,Inmobiliaria con identidad verificada,$,"2,100,000",90 m2 totales,3 recamaras,2 banos,sin dato,sin dato,2,sin dato,sin dato,sin dato,sin dato,"Avenida Arboleda Sn, San Mateo Otzacatipan, Toluca, Estado De Mexico","Casa en venta en el Fraccionamiento Aurea Residencial,  a 5 minutos del Aeropuerto Internacional de Toluca y a tan solo 35 minutos de Santa Fe.""Modelo Bellini""Caracteristicas:.90 m2 de terreno 113 m2 de construccion Planta baja:Estacionamiento para 2 autosSalaComedor CocinaMedio bano para visitas Cuarto de servicio Jardin posteriorPlanta alta:Recamara principal con area para vestidor, bano completo2 Recamaras secundarias 1 Bano completo Las casas estan dentro de privada con acceso controlado y caseta de vigilancia. El Desarrollo  cuenta con:EscuelasZona comercial Áreas verdes con palapas, andadores peatonales, trota pista, multicanchas, area de lectura, estacion de ejercicio al aire libre.Te tramitamos tu credito.",https://casa.mercadolibre.com.mx/MLM-3258111426-casa-en-venta-en-toluca-fraccionamiento-aurea-_JM#position%3D30%26search_layout%3Dgrid%26type%3Ditem%26tracking_id%3D4e870176-85be-4932-be48-5e9ba2249e0d
Venta De Casa Fracc Ex Hacienda San Jose Toluca,Casa en Venta,Publicado hace 8 meses,Inmobiliaria con identidad verificada,$,"4,000,000",226 m2 totales,3 recamaras,3 banos,2,Si,4,Si,Si,sin dato,10 anos,"San Jose Sur, San Jose, San Mateo Otzacatipan, Estado De Mexico, Mexico, San Mateo Otzacatipan, Toluca, Estado De Mexico","226 m2 de Terreno390 m2 de ConstruccionPlanta baja: Acceso peatonal y vehicular, estacionamiento para 4 autos techado, Estudio, medio bano, sala, comedor, cocina, escalera de madera, y Jardin trasero, Estacionamiento y Un cuarto de lavado.Primer piso: Family Room, 2 recamaras con banos completos.Segundo piso: Recamara principal con un enorme vestidor y bano con doble tarja y cancel de cristal templado.Fraccionamiento super Exclusivo y con excelente seguridad, Extraordinaria Ubicacion super cerca del Aeropuerto de Toluca, del Sam´s Club Santin, llegada y salida de la CDMX super rapida, seguridad 24/7, Cancha de Futbol, Basquetbol, Juegos Infantiles, aparatos para hacer ejercicio, Capilla dentro del fraccionamiento, Oxxo a la entrada y Centros Comerciales, Servicios, Bancos y Colegios muy cercanos.Documentos totalmente en regla y listo para escriturar lo mas Rapido posible ante un Notario Publico, Te asesoramos, Tramitamos y Aceptamos cualquier tipo de credito Hipotecario. ¡¡¡No esperes mas para conocer tu nuevo Hogar!!!Agenda tu cita por WhatsAppIsrael HernandezLa informacion contenida en los anuncios de venta, proviene de fuente confiable, sin embargo, esta sujeta a errores, omisiones y puede sufrir cambios de disponibilidad, precio y otras condiciones sin previo aviso.Las partes interesadas, deberan confirmar las condiciones en persona.",https://casa.mercadolibre.com.mx/MLM-3144604856-venta-de-casa-fracc-ex-hacienda-san-jose-toluca-_JM#position%3D31%26search_layout%3Dgrid%26type%3Ditem%26tracking_id%3D4e870176-85be-4932-be48-5e9ba2249e0d
Casa En Venta Áurea Toluca Modelo Vasari,Casa en Venta,Publicado hace 13 dias,Inmobiliaria con identidad verificada,$,"2,400,000",93 m2 totales,3 recamaras,2 banos,sin dato,No,2,sin dato,Si,No,0 anos,"Av. Arboleda, San Mateo Otzacatipan, Toluca, Estado De Mexico","CASA EN VENTA ÁUREA TOLUCA MODELO VASARICasa en venta en Áurea, en la zona encontraras todos los servicios necesarios como escuelas, bancos, centros comerciales, super, restaurantes.Se encuentra a unos minutos del Parque Toluca 2000.Las casas no comparten muros, se encuentran dentro de privadas. Seguridad las 24 horas, areas verdes, juegos infantiles, trotapista, multicanchas deportivas, ciclovia, palapas, gimnasios al aire libre y zona comercial todo esto ideal para disfrutar con tu familia.La casa cuenta en Planta Baja con sala comedor con vista al jardin, cocina, bano de visitas, cuarto de lavado, estacionamiento semitechado para 2 autos.En Planta Alta se encuentra la recamara principal con vestidor y closet y 2 recamaras secundarias con closet y comparten un bano, sala de tv. Toda la iluminacion es led.Precio de venta desde $2,400,000.00 no incluye cocina, closets, vestidor ni canceles.Precio equipada $2,614,243.00Costo por equipamiento:Cocina $112,984.00Closet Recamara 1 $20,196.00Closet Recamara 2 $20,900.00Vestidor Recamara Principal $33,063.00Canceles de los banos $27,100.00Equipamiento Completo: $214,243.00m2 de terreno excedente $8,700Las imagenes son ilustrativas y pueden variar al producto finalPrecios sujetos a cambio sin previo avisoPrecios expresados en Moneda NacionalLos gastos de escrituracion no estan expresados en el precio de venta y corren por cuenta del cliente.Los precios aplican solamente para las viviendas disponibles a la venta al momento del apartado.El precio por m2 de terreno excedente sera confirmado por el asesor de venta.De acuerdo al numeral 5.6.7 de la NOM 247 el precio no incluye gastos de escrituracion ni comisiones por apertura de credito, se cotizaran en su momento.Las imagenes, planos, superficies y todo lo que se muestra son ilustrativas y podria sufrir modificaciones sin previo aviso. El inmueble no incluye mobiliario, decoracion, linea blanca y/o electrodomesticos.Alturath Inmobiliaria se reserva el derecho de cambios de precio sin previo aviso. Consulte aviso de privacidad www.alturathinmobiliaria.com Contrato de adhesion inscrito el 11 de mayo del 2023 en el Registro Publico de Contratos de Adhesion de la Profeco bajo el numero 4726-2023.",https://casa.mercadolibre.com.mx/MLM-2114956719-casa-en-venta-aurea-toluca-modelo-vasari-_JM#position%3D32%26search_layout%3Dgrid%26type%3Ditem%26tracking_id%3D4e870176-85be-4932-be48-5e9ba2249e0d
"Casa En Venta En Misiones 1, Toluca, Estado De Mexico",Casa en Venta,Publicado hace 35 dias,Inmobiliaria con identidad verificada,$,"1,650,000",96 m2 totales,3 recamaras,2 banos,2,No,2,No,No,No,10 anos,"Privada Convento De La Victoria Mza. 9, Lte 16 13, San Mateo Otzacatipan, Toluca, Estado De Mexico","Casa habitacion dentro de fraccionamiento de tipo residencial medio, a pie de carretera Toluca Naucalpan, cerca de centro comercial Plaza Santin, algunas tiendas de conveniencia, areas verdes, salon de fiestas, vigilancia a la entrada del condominio.- La propiedad se encuentra dentro de privada de 15 casas con porton electrico, pequeno jardin comun y kiosko. Paga 300 pesos mensuales de mantenimiento.- La casa cuenta con dos niveles:- P.B.- 2 lugares de estacionamiento, - cocina integral abierta con estufa de 6 quemadores, - area de lavado, - medio bano, - sala, - comedor.- P.A.- 2 recamaras secundarias con closet cada una, - la principal con bano completo, - bano completo para recamaras secundarias.Persianas en sala, comedor y recamaras, lamparas decorativas, medidor electronico de gas, fachada recien pintada.En las operaciones de credito el precio total se determinara en funcion de los montos variables de conceptos de credito y gastos notariales que deben ser consultados con los promotores, conforme al apartado 5.6.7 de la NOM-247-SE-2021.",https://casa.mercadolibre.com.mx/MLM-3227691292-casa-en-venta-en-misiones-1-toluca-estado-de-mexico-_JM#position%3D33%26search_layout%3Dgrid%26type%3Ditem%26tracking_id%3D4e870176-85be-4932-be48-5e9ba2249e0d
"Casa En Venta En Toluca, Fracc. Paseo Arboleda",Casa en Venta,Publicado hace 26 dias,Inmobiliaria con identidad verificada,$,"1,990,000",90 m2 totales,3 recamaras,2 banos,0,No,2,Si,No,No,9 anos,"Abetos, San Mateo Otzacatipan, Toluca, Estado De Mexico","Casa en venta en Toluca, Fraccionamiento Paseo Arboleda. 3 recamaras, 2.5 banos, cocina equipada. ¿Estas en busca de tu nuevo hogar? Tenemos la casa perfecta para ti. Esta propiedad cuenta con 3 recamaras, 2.5 banos y una cocina equipada, disenada para ofrecerte el maximo confort. Ademas, dispone de estacionamiento para 2 vehiculos, todo dentro de un fraccionamiento con vigilancia 24/7 para tu total tranquilidad.Imagina vivir en un lugar donde puedes disfrutar de una casa club que cuenta con alberca y salon de usos multiples ademas de amplias zonas verdes para momentos de esparcimiento. Un espacio especial para tus mascotas, porque sabemos que son parte integral de tu familia. La ubicacion es inmejorable, con acceso cercano a centros comerciales como Wal-Mart y Sams Santin, Oxxos y cines. Ademas, tendras conectividad perfecta con avenidas principales como la carretera Toluca/Naucalpan y Blvd Aeropuerto, facilitando tu desplazamiento hacia la CDMX y el aeropuerto de Toluca.Visualiza tu vida en un hogar donde la seguridad, la comodidad y la accesibilidad se fusionan perfectamente. Este es el lugar donde tus suenos pueden hacerse realidad.¡No esperes mas para hacer de esta casa tu hogar! Contactanos ahora para agendar una visita y descubre como esta propiedad puede ser el escenario perfecto para tu nueva vida.",https://casa.mercadolibre.com.mx/MLM-2106962991-casa-en-venta-en-toluca-fracc-paseo-arboleda-_JM#position%3D34%26search_layout%3Dgrid%26type%3Ditem%26tracking_id%3D4e870176-85be-4932-be48-5e9ba2249e0d
Venta De Nuevas Residencias En San Mateo Otzacatipan,Casa en Venta,Publicado hace 25 dias,Inmobiliaria con identidad verificada,$,"2,400,000",93 m2 totales,3 recamaras,2 banos,2,No,2,No,Si,No,3 anos,"San Mateo Otzacatipan, Toluca, Estado De Mexico","Nuevas propiedades en Toluca, Estado de Mexico, con excelentes accesos a Naucalpan y Toluca, con opcion para adquisicion de equipamiento tal como cocina, canseles de bano y closets, doble tinaco de 1100 L cada uno, servicios ocultos, ubicadas en privada entregadas adoquinadas, cemento lavado para banquetas, con amenidades en desarrollo como parques, pozo de agua con planta tratadora, plazotela, petpark y kinder y primarias en desarrollo.",https://casa.mercadolibre.com.mx/MLM-2107749085-venta-de-nuevas-residencias-en-san-mateo-otzacatipan-_JM#position%3D35%26search_layout%3Dgrid%26type%3Ditem%26tracking_id%3D4e870176-85be-4932-be48-5e9ba2249e0d
Casa En Venta Áurea Toluca Modelo Sanzio,Casa en Venta,Publicado hace 13 dias,Inmobiliaria con identidad verificada,$,"2,230,000",90 m2 totales,3 recamaras,2 banos,sin dato,No,2,sin dato,Si,No,0 anos,"Av. Arboleda, San Mateo Otzacatipan, Toluca, Estado De Mexico","Casa en venta en Áurea, en la zona encontraras todos los servicios necesarios como escuelas, bancos, centros comerciales, super, restaurantes.Se encuentra a unos minutos del Parque Toluca 2000.Las casas no comparten muros, se encuentran dentro de privadas. Seguridad las 24 horas, areas verdes, juegos infantiles, trotapista, multicanchas deportivas, ciclovia, palapas, gimnasios al aire libre y zona comercial, todo esto ideal para disfrutar con tu familia.La casa cuenta en Planta Baja con sala comedor con vista al jardin, cocina, bano de visitas, cuarto de lavado, estacionamiento para 2 autos.En Planta Alta se encuentra la recamara principal con vestidor y closet y 2 recamaras secundarias con closet que comparten un bano y sala de tv. Toda la iluminacion es led.Precio de venta desde $2,230,000 no incluye cocina, closets, vestidor ni canceles. Precio con todo el equipamiento $2,419,977.00Costo por equipamiento:Cocina $102,820Closet Recamara 1 $18,700Closet Recamara 2 $18,700Vestidor Recamara Principal $22,557Canceles de los banos $27,200Total de equipamiento. $189,977m2 de terreno excedente $8,700Las imagenes son ilustrativas y pueden variar al producto finalPrecios sujetos a cambio sin previo avisoPrecios expresados en Moneda NacionalLos gastos de escrituracion no estan expresados en el precio de venta y corren por cuenta del cliente.Los precios aplican solamente para las viviendas disponibles a la venta al momento del apartado.El precio por m2 de terreno excedente sera confirmado por el asesor de venta.De acuerdo al numeral 5.6.7 de la NOM 247 el precio no incluye gastos de escrituracion ni comisiones por apertura de credito, se cotizaran en su momento.Las imagenes, planos, superficies y todo lo que se muestra son ilustrativas y podria sufrir modificaciones sin previo aviso. El inmueble no incluye mobiliario, decoracion, linea blanca y/o electrodomesticos.Alturath Inmobiliaria se reserva el derecho de cambios de precio sin previo aviso. Consulte aviso de privacidad www.alturathinmobiliaria.comContrato de adhesion inscrito el 11 de mayo del 2023 en el Registro Publico de Contratos de Adhesion de la Profeco bajo el numero 4726-2023.",https://casa.mercadolibre.com.mx/MLM-2114956721-casa-en-venta-aurea-toluca-modelo-sanzio-_JM#position%3D36%26search_layout%3Dgrid%26type%3Ditem%26tracking_id%3D4e870176-85be-4932-be48-5e9ba2249e0d
"Casa En Condominio En Venta En San Mateo Otzacatipan, Toluca, Mexico",Casa en Venta,Publicado hace 32 dias,Inmobiliaria con identidad verificada,$,"3,390,000",120 m2 totales,3 recamaras,2 banos,0,No,2,Si,No,No,0 anos,"Av. Arboleda, San Mateo Otzacatipan, Toluca, Estado De Mexico","Venta de casa nuevas en Toluca. Reunimos las caracteristicas que buscas en un residencial... diseno, naturaleza, comodidad y la mejor plusvalia de Toluca. El fraccionamiento cuenta con 2 accesos controlados cerca de avenidas principales, lugares emblematicos y cercania con centros comerciales, hospitales, escuelas y restaurantes. Ademas cuenta con multiples amenidades como casa club al interior de las privadas, trotapista, multicanchas deportivas, dog park, escuelas, areas verdes, portico de acceso controlado, ciclovia, areas de lectura, estacion de ejercicio al aire libre, zona comercial en desarrollo y andadores peatonales.Aurea Residencial se caracteriza por su ubicacion privilegiada ya que se encuentra cerca del aeropuerto de Toluca y autopista Mexico-Toluca.No esperes mas! y acercate con nuestros asesores para agendar una visita a tu nuevo hogar. Contactanos!",https://casa.mercadolibre.com.mx/MLM-2103400713-casa-en-condominio-en-venta-en-san-mateo-otzacatipan-toluca-mexico-_JM#position%3D37%26search_layout%3Dgrid%26type%3Ditem%26tracking_id%3D4e870176-85be-4932-be48-5e9ba2249e0d
Venta De Nuevas Residencias En San Mateo Otzacatipan,Casa en Venta,Publicado hace 25 dias,Inmobiliaria con identidad verificada,$,"2,230,000",90 m2 totales,3 recamaras,2 banos,2,No,2,No,Si,No,3 anos,"San Mateo Otzacatipan, Toluca, Estado De Mexico","Nuevas propiedades en Toluca, Estado de Mexico, con excelentes accesos a Naucalpan y Toluca, con opcion para adquisicion de equipamiento tal como cocina, canseles de bano y closets, doble tinaco de 1100 L cada uno, servicios ocultos, ubicadas en privada entregadas adoquinadas, cemento lavado para banquetas, con amenidades en desarrollo como parques, pozo de agua con planta tratadora, plazotela, petpark y kinder y primarias en desarrollo.",https://casa.mercadolibre.com.mx/MLM-2107800853-venta-de-nuevas-residencias-en-san-mateo-otzacatipan-_JM#position%3D38%26search_layout%3Dgrid%26type%3Ditem%26tracking_id%3D4e870176-85be-4932-be48-5e9ba2249e0d
"Casa Nueva En Venta En Fraccionamiento Con Áreas Verdes En Toluca, A Unos Metros De La Av. Lopez Portillo.",Casa en Venta,Publicado hace 40 dias,Inmobiliaria con identidad verificada,$,"2,330,000",93 m2 totales,3 recamaras,2 banos,2,No,2,sin dato,Si,No,0 anos,"Avenida Arboleda 102, San Mateo Otzacatipan, Toluca, Estado De Mexico","Casa nueva en fraccionamiento con areas verdes en la ciudad de Toluca.  Con acceso controlado y en esquema de condominios ofrece una sensacion de seguridad y confort alejandote del bullicio de la ciudad.Seccion Creta.Modelo Vasari.Planta Baja: Sala, comedor, cocina, medio bano, area de lavado techada, jardin posterior, estacionamiento semi techado para 2 autos.Planta Alta: 1 recamara principal con bano completo y espacio para vestidor. 2 recamaras secundarias con un bano completo compartido, sala de television.Consideraciones:* El precio no incluye cocina, closets de las 2 recamaras secundarias, vestidor de la recamara principal y canceles de bano (2).  Este equipamiento tiene un costo adicional.* No se incluye muebles, accesorios y plantas, las imagenes son de caracter ilustrativo.* Precios sujetos a cambio sin previo aviso.* Precios expresados en moneda nacional.* Los gastos de escrituracion, gastos notariales y gestion hipotecaria no estan incluidos en el precio de venta y deberan ser pagados por el comprador.* Los precios aplican solo para las viviendas disponibles a la venta al momento del apartado.Consulta terminos y condiciones en: https://ruba.com.mx/tycRevisa nuestro aviso de privacidad: https://ruba.com.mx/aviso-de-privacidad",https://casa.mercadolibre.com.mx/MLM-2098065181-casa-nueva-en-venta-en-fraccionamiento-con-areas-verdes-en-toluca-a-unos-metros-de-la-av-lopez-portillo-_JM#position%3D39%26search_layout%3Dgrid%26type%3Ditem%26tracking_id%3D4e870176-85be-4932-be48-5e9ba2249e0d
"Casa En Venta En Misiones Ii, Toluca",Casa en Venta,Publicado hace 40 dias,Inmobiliaria con identidad verificada,$,"1,800,000",96 m2 totales,3 recamaras,2 banos,0,No,2,sin dato,Si,No,0 anos,"Carretera Federal Toluca Naucalpan  , 218, San Mateo Otzacatipan, Toluca, Estado De Mexico","Quieres vivir en el Estado de Mexico, en un lugar agradable, lleno de armonia y tranquilidad: te ofrecemos esta hermosa casa en venta en el Fraccionamiento Misiones II. Se localiza en el kilometro 52.5 de la Carretera Federal Toluca-Naucalpan, muy cerca del Aeropuerto Internacional de Toluca y de importantes centros comerciales, restaurantes, areas verdes y escuelas. La casa esta ubicada en esquina con excelentes acabados. En la planta baja: Sala-Comedor, cocina equipada, patio de servicio, medio bano para visitas, jardin lateral y trasero, estacionamiento para 2 autos. En planta alta tenemos 3 recamaras, la principal con bano y vestidor y dos recamaras junior con closet que comparten un bano completo. El Desarrollo cuenta con personal de seguridad las 24 horas, cerco electrificado, sistema de video-vigilancia, servicios ocultos, areas verdes y amenidades. La privada cuenta con porton electrico, area de asador y area de juegos infantiles. ¡No lo pienses mas, ven a conocer el hogar que tu y tu familia estan buscando!",https://casa.mercadolibre.com.mx/MLM-2098088911-casa-en-venta-en-misiones-ii-toluca-_JM#position%3D40%26search_layout%3Dgrid%26type%3Ditem%26tracking_id%3D4e870176-85be-4932-be48-5e9ba2249e0d
"Casa En Venta En Toscana Iii, Toluca",Casa en Venta,Publicado hace 40 dias,Inmobiliaria con identidad verificada,$,"2,180,000",140 m2 totales,3 recamaras,2 banos,sin dato,No,2,sin dato,No,No,10 anos,"Paseo De La Toscana, 9, San Mateo Otzacatipan, Toluca, Estado De Mexico","¡Sera un deleite conocer este hogar! Casa en venta en Toluca en el Fraccionamiento Toscana III, con excelente ubicacion a tan solo 5 minutos de la Carretera Toluca - Naucalpan y con zona comercial muy cercana al fraccionamiento. Disfrutar de sus espacios con gran iluminacion y ambiente calido, llenos de armonia y confort. Goza de los atardeceres desde el balcon de tu recamara, tomar una copa de vino, tener una excelente lectura o charla con la persona que mas te regocije, seran actividades que puedas realizar todos los dias desde la comodidad de tu hogar.Esta casa esta distribuida en 2 niveles; en PLANTA BAJA se localiza una amplia sala- comedor y una amplia cocina en la que podras deleitar a tu familia con platillos preparados con amor, un jardin trasero, medio bano para visitas y 2 lugares de estacionamiento; subiendo las escaleras, en PLANTA ALTA se localiza la recamara principal con bano completo y amplio vestidor, las otras dos recamaras con closet y un bano completo que comparten.El Fraccionamiento cuenta con acceso controlado y vigilancia las 24 horas al dia: ademas la vivienda se encuentra en una privada con porton electrico, cuenta con area comun con parrilla, salon de usos multiples, y gimnasio.** Contrato inscrito el 13 de octubre del 2023 en el Registro Publico de Contratos de Adhesion de la Profeco bajo el numero 8916-2023.** El precio publicado del inmueble NO incluye el pago de Impuestos, Derechos y Honorarios Notariales. **El mobiliario que se muestra en las fotos es solo ilustrativo, el precio publicado NO lo incluye.¡Conoce ya tu nuevo hogar! El equipo de Profesionales Inmobiliarios te brindara la mejor atencion y te asesoraran en cualquier tipo de credito.",https://casa.mercadolibre.com.mx/MLM-3215622028-casa-en-venta-en-toscana-iii-toluca-_JM#position%3D41%26search_layout%3Dgrid%26type%3Ditem%26tracking_id%3D4e870176-85be-4932-be48-5e9ba2249e0d
Casa En Venta Toluca  Las Misiones I Consorcio Ara,Casa en Venta,Publicado hace 1 ano,Inmobiliaria con identidad verificada,$,"1,700,000",70 m2 totales,3 recamaras,3 banos,2,sin dato,2,Si,sin dato,sin dato,7 anos,"Carretera Toluca-naucalpan, La Magdalena Otzacatipan, San Mateo Otzacatipan, Estado De Mexico, Mexico, San Mateo Otzacatipan, Toluca, Estado De Mexico","CASA SIN ESTRENAR !!!!Casas Ara Las Misiones IAmplia estancia con cocina abiertaBano de visitas3 recamaras la principal.con bano integrado y balcon las otras dos comparten bano .Patio traseroEn esquina, junto a jardin comun 2 lugares de estacionamiento",https://casa.mercadolibre.com.mx/MLM-3037210628-casa-en-venta-toluca-las-misiones-i-consorcio-ara-_JM#position%3D42%26search_layout%3Dgrid%26type%3Ditem%26tracking_id%3D4e870176-85be-4932-be48-5e9ba2249e0d
"Casa En Venta En Toluca,  Ubicada En El Fraccionamiento Las Misiones",Casa en Venta,Publicado hace 2 meses,Inmobiliaria con identidad verificada,$,"1,500,000",100 m2 totales,2 recamaras,1 bano,0,No,2,No,No,No,9 anos,"Carretera Toluca - Naucalpan, San Mateo Otzacatipan, Toluca, Estado De Mexico","Casa en Venta en Toluca, casa de dos niveles ubicada en el fraccionamientyo Las Misiones en San Mateo Otzacatipan. consta de: sala, comedor, cocina equipada, area de lavado,, patio de servicio, 2 habitaciones, 1.5 banos y estacionamiento para dos autos. cuenta con cisterna de 5000 lts. Excelente ubicacion y facil acceso.",https://casa.mercadolibre.com.mx/MLM-3136469500-casa-en-venta-en-toluca-ubicada-en-el-fraccionamiento-las-misiones-_JM#position%3D43%26search_layout%3Dgrid%26type%3Ditem%26tracking_id%3D4e870176-85be-4932-be48-5e9ba2249e0d
Venta De Casa  En Toluca,Casa en Venta,Publicado hace 27 dias,Inmobiliaria con identidad verificada,$,"1,695,000",70 m2 totales,4 recamaras,2 banos,sin dato,No,1,sin dato,No,No,0 anos,"Rancho Seco, Mz29, San Mateo Otzacatipan, Toluca, Estado De Mexico","Encuentra tu casa ideal! Cerca de la carretera a Naucalpan, Avenida Las partidas, y del Parque Industrial, en Fraccionamiento con estricto filtro para seguridad de tu familia, consta de estacionamiento para 1 auto, estancia comedor, 1/2 bano para visitas, cocina integral, patio de servicio, en el nivel 1.- Dos recamaras con closets y bano que comparten, escaleras bien iluminadas, en el nivel 2.- Tambien 2 recamaras con closets y bano que comparten, closet de blancos, ademas el Fraccionamiento cuenta con muchas areas verdes, canchas de football, basketball, pista para correr, etc. y Colegios como Secundaria y CBTI. **Contrato inscrito el 13 de octubre del 2023 en el Registro Publico de Contratos de Adhesion de la Profeco bajo el numero 8916-2023** El precio publicado del inmueble no incluye el pago de Impuestos. Derechos y Honorarios Notariales. *** El mobiliario que se muestra en las fotos es solo ilustrativo, el precio publicado NO lo incluye. Solo recursos propios. No lo dudes y marcanos!! con gusto te brindamos la informacion que requieras, esta puede ser la casa que disfrutaras con tu familia.",https://casa.mercadolibre.com.mx/MLM-2106118321-venta-de-casa-en-toluca-_JM#position%3D44%26search_layout%3Dgrid%26type%3Ditem%26tracking_id%3D4e870176-85be-4932-be48-5e9ba2249e0d
Casa En Venta En Residencial Fuentes De San Jose,Casa en Venta,Publicado hace 2 meses,Inmobiliaria con identidad verificada,$,"3,500,000",179 m2 totales,3 recamaras,3 banos,0,No,2,sin dato,Si,No,0 anos,"Valle De La Hacienda, San Mateo Otzacatipan, Toluca, Estado De Mexico","Datos de la casa:3 recamaras, todas con bano propio, la principal con vestidor, las secundarias con ClosetSala, comedor, cocina.1/2 bano de visitasEstudio con bano completo.2 RoofgardenEstacionamiento para 2 autos.Jardin en la parte trasera",https://casa.mercadolibre.com.mx/MLM-2080484005-casa-en-venta-en-residencial-fuentes-de-san-jose-_JM#position%3D45%26search_layout%3Dgrid%26type%3Ditem%26tracking_id%3D4e870176-85be-4932-be48-5e9ba2249e0d
"Casa En Miguel Hidalgo, Toluca, Mex",Casa en Venta,Publicado hace 30 dias,Inmobiliaria con identidad verificada,$,"1,399,000",126 m2 totales,4 recamaras,2 banos,sin dato,sin dato,1,sin dato,sin dato,sin dato,sin dato,"San Mateo Otzacatipan, San Mateo Otzacatipan, Toluca, Estado De Mexico","FORMA DE PAGO:SÓLO PAGOS DE CONTADO / NO SE ACEPTAN CRÉDITOS HIPOTECARIOSCERCA DE LA ZONA:La ubicacion es ideal para los que buscan optimizar tiempos de traslados. A minutos; Hospitales, centros comerciales, parques, escuelas, restaurantes y centros recreativosManejamos diferentes lineas de negocios; Preventa, Corretajes (en caso que desees vender tu propiedad, nosotros te apoyamos), ¡sera un placer atenderte!Te apoyamos con tu Credito Hipotecario, asesoria sin compromisoASESORÍA GRATUITA",https://casa.mercadolibre.com.mx/MLM-2104794149-casa-en-miguel-hidalgo-toluca-mex-_JM#position%3D46%26search_layout%3Dgrid%26type%3Ditem%26tracking_id%3D4e870176-85be-4932-be48-5e9ba2249e0d
"Casa En Condominio En Venta En San Mateo Otzacatipan, Toluca, Mexico",Casa en Venta,Publicado hace 32 dias,Inmobiliaria con identidad verificada,$,"2,100,000",90 m2 totales,3 recamaras,2 banos,0,No,2,Si,No,No,0 anos,"Av. Arboleda 102, San Mateo Otzacatipan, Toluca, Estado De Mexico","Casas nuevas en venta en Toluca. Tu vida en balance esta en Áurea Seccion CretaUn desarrollo de estilo minimalista con condominios privados que equilibra la naturaleza con el diseno urbano, resultando en espacios que convergen en un entorno unico, con ubicacion estrategica en Toluca. Este fraccionamiento ha sido desarrollado con espacios funcionales, cuidando cada detalle de su distribucion para lograr la comodidad y tranquilidad que necesitas. Cuenta con multiples amenidades para tu esparcimiento y recreacion como trotapista, multicanchas deportivas, escuelas, areas verdes, ciclovia, acceso controlado, palapas, areas de lectura, estaciones de ejercicio al aire libre, andadores peatonales y zona comercial.Cotactanos y agenda una cita con nuestros asesores para conocer tu nuevo hogar!",https://casa.mercadolibre.com.mx/MLM-3240121282-casa-en-condominio-en-venta-en-san-mateo-otzacatipan-toluca-mexico-_JM#position%3D47%26search_layout%3Dgrid%26type%3Ditem%26tracking_id%3D4e870176-85be-4932-be48-5e9ba2249e0d
Venta De Nuevas Residencias En San Mateo Otzacatipan,Casa en Venta,Publicado hace 25 dias,Inmobiliaria con identidad verificada,$,"2,100,000",90 m2 totales,3 recamaras,2 banos,2,No,2,No,Si,No,3 anos,"San Mateo Otzacatipan, Toluca, Estado De Mexico","Nuevas propiedades en Toluca, Estado de Mexico, con excelentes accesos a Naucalpan y Toluca, con opcion para adquisicion de equipamiento tal como cocina, canseles de bano y closets, doble tinaco de 1100 L cada uno, servicios ocultos, ubicadas en privada entregadas adoquinadas, cemento lavado para banquetas, con amenidades en desarrollo como parques, pozo de agua con planta tratadora, plazotela, petpark y kinder y primarias en desarrollo.",https://casa.mercadolibre.com.mx/MLM-2107748909-venta-de-nuevas-residencias-en-san-mateo-otzacatipan-_JM#position%3D48%26search_layout%3Dgrid%26type%3Ditem%26tracking_id%3D4e870176-85be-4932-be48-5e9ba2249e0d
Venta De Nuevas Residencias En San Mateo Otzacatipan,Casa en Venta,Publicado hace 25 dias,Inmobiliaria con identidad verificada,$,"2,100,000",90 m2 totales,3 recamaras,2 banos,2,No,2,No,Si,No,3 anos,"San Mateo Otzacatipan, Toluca, Estado De Mexico","Nuevas propiedades en Toluca, Estado de Mexico, con excelentes accesos a Naucalpan y Toluca, con opcion para adquisicion de equipamiento tal como cocina, canseles de bano y closets, doble tinaco de 1100 L cada uno, servicios ocultos, ubicadas en privada entregadas adoquinadas, cemento lavado para banquetas, con amenidades en desarrollo como parques, pozo de agua con planta tratadora, plazotela, petpark y kinder y primarias en desarrollo.",https://casa.mercadolibre.com.mx/MLM-2107748909-venta-de-nuevas-residencias-en-san-mateo-otzacatipan-_JM#position%3D1%26search_layout%3Dgrid%26type%3Ditem%26tracking_id%3D8a2e3133-74f1-40aa-8089-f98d822d11e0
Venta Casa San Mateo Otzacatipan,Casa en Venta,Publicado hace 33 dias,Inmobiliaria con identidad verificada,$,"1,700,000",188.5 m2 totales,2 recamaras,1 bano,1,No,4,No,Si,No,12 anos,"Xocotitla, San Mateo Otzacatipan Sn, San Mateo Otzacatipan, Toluca, Estado De Mexico","DISTRIBUCIÓN:SalaComedorCocineta2 Recamaras 1 Bano completosÁrea de lavado4 Lugares de EstacionamientoCARACTERÍSTICAS:Superficie: 188.50 m2.Construccion: 90.11 m2.Forma de Terreno: RegularUso de suelo: HabitacionalEQUIPAMIENTO DE LA CASA:Estufa con hornoTarjaAlacenaCalentador de PasoLavaderoContrato CFETinacoÁreas verdesESTATUS DEL INMUEBLE:Inmueble DesocupadoInmueble UsadoFORMA DE PAGO:Credito INFONAVIT, FOVISSSTE y Bancario, etc.Documentacion con la que se cuenta:Escrituras PlanosSERVICIOS DE LA ZONA:AguaCFEGasAlumbrado publicoVialidades PavimentadasTransporte PublicoVialidades: P. Otzacatipan, Via Jose Lopez Portillo.A 6.5 km a la redonda: Parque Industrial Toluca 2000, Centro dinamico Pegaso, Plaza Santin, Escuelas, Bancos, tiendas de autoservicio ()Walmart, Sams), Central de Abastos y Villa Charra de Toluca, Salida a CDMX.Entorno:Habitacional, Comercial & Industrial.Informacion PROFECO:Contrato de Adhesion de Intermediacion para la compraventa de inmuebles.Registrado en la Procuraduria Federal del Consumidor (PROFECO).Numero 2508-2023, de fecha 02 de Marzo del 2023",https://casa.mercadolibre.com.mx/MLM-2102606657-venta-casa-san-mateo-otzacatipan-_JM#position%3D2%26search_layout%3Dgrid%26type%3Ditem%26tracking_id%3D8a2e3133-74f1-40aa-8089-f98d822d11e0
"Encantadora Casa Con Tranquilidad Para La  Familia En Condominio Las Misiones: Privacidad, ...",Casa en Venta,Publicado hace 2 meses,Inmobiliaria con identidad verificada,$,"1,825,000",96 m2 totales,3 recamaras,2 banos,2,No,0,No,No,No,0 anos,"San Mateo Otzacatipan, Toluca, Estado De Mexico","Esta encantadora propiedad se encuentra dentro del  Condominio ""Las Misiones"", que ofrece la tranquilidad y seguridad que buscas con  vigilancia las 24 horas del dia, los 7 dias de la semana. Distribuida en dos niveles, esta casa combina funcionalidad y comodidad.En la planta baja, te recibe una cochera para dos autos, seguida de una acogedora sala-comedor que invita a momentos de convivencia. La cocina, practica y luminosa, se integra armoniosamente al espacio. Patio de servicio techado  y un medio bano de visitas anaden conveniencia. En el segundo nivel, encontraras tres comodas recamaras. La principal, con  bano privad que ofrece un oasis de tranquilidad. Las otras dos habitaciones comparten un bano completo. Todas con ventanas que favorecen la iluminacion y ventilacion natural.El condominio no solo ofrece seguridad, sino tambien comodidades adicionales como areas verdes, canchas deportivas para el esparcimiento, dos Casas Club para reuniones sociales, escuela y una caseta de seguridad que brinda tranquilidad adicional. Lo mas destacado de esta propiedad es su ubicacion dentro del closter llamado ""Convento de Sta. Isabel"", sin vecinos en uno de sus laterales, lo que garantiza la privacidad y cercania al area verde comun, donde podras disfrutar de reuniones al aire libre.",https://casa.mercadolibre.com.mx/MLM-2076891875-encantadora-casa-con-tranquilidad-para-la-familia-en-condominio-las-misiones-privacidad--_JM#position%3D3%26search_layout%3Dgrid%26type%3Ditem%26tracking_id%3D8a2e3133-74f1-40aa-8089-f98d822d11e0
Casa  En Condominio En Venta En Toluca,Casa en Venta,Publicado hace 7 meses,Inmobiliaria con identidad verificada,$,"1,950,000",100 m2 totales,3 recamaras,1 bano,2,sin dato,2,sin dato,sin dato,sin dato,21 anos,"Villas De San Mateo, San Mateo Otzacatipan, Estado De Mexico, Mexico, San Mateo Otzacatipan, Toluca, Estado De Mexico","Casa en privada, cuenta con tres habitaciones con closet, lugar para dos autos con garage techado, espacio para cocina, sala comedor, bano completo y bano y medio en la planta baja, tiene colindancia con zona comunal privativa que se puede usar como jardin.La privada cuenta con porton con control automatico para mayor seguridad.",https://casa.mercadolibre.com.mx/MLM-2074321111-casa-en-condominio-en-venta-en-toluca-_JM#position%3D4%26search_layout%3Dgrid%26type%3Ditem%26tracking_id%3D8a2e3133-74f1-40aa-8089-f98d822d11e0
"Casa En Venta Dentro De Fraccionamiento Privado En Campo Real , Toluca Estado De Mexico",Casa en Venta,Publicado hace 4 meses,Inmobiliaria con identidad verificada,$,"2,250,000",72 m2 totales,5 recamaras,3 banos,3,No,0,No,No,No,0 anos,"Toluca, Toluca, Estado De Mexico","Casa en venta dentro de Fraccionamiento privado en Campo Real, Toluca Estado de MexicoPlanta Baja: Sala, Comedor, Cocina integral, 1/2 bano de visitas, patio, 1 recamara, estacionamiento para 2 autos. Planta Alta: Recamara principal con closet, 3er recamara secundaria , bano completo compartido con tina, closet de blancos, 4ta recamara secundaria o sala de tv con 1/2 bano.  Tercer nivel: 5ta recamara o cuarto de servicio, terraza y area de lavado.",https://casa.mercadolibre.com.mx/MLM-2990139054-casa-en-venta-dentro-de-fraccionamiento-privado-en-campo-real-toluca-estado-de-mexico-_JM#position%3D5%26search_layout%3Dgrid%26type%3Ditem%26tracking_id%3D8a2e3133-74f1-40aa-8089-f98d822d11e0
Casa En Venta Exhacienda San Jose Toluca,Casa en Venta,Publicado hace 2 meses,Inmobiliaria con identidad verificada,$,"3,789,994",229.5 m2 totales,3 recamaras,2 banos,2,Si,2,sin dato,Si,sin dato,16 anos,"Rinconada Toriles A 2, San Jose, San Mateo Otzacatipan, Estado De Mexico, Mexico, San Mateo Otzacatipan, Toluca, Estado De Mexico","EN VENTA HERMOSA CASA EN EXHACIENDA SAN JOSE EN DOS NIVELES. ESTA PROPIEDAD CUENTA CON DOS ESPACIOS DE ESTACIONAMIENTO, SALA, COMEDOR, MEDIO BAÑO, ESTUDIO, COCINA FUNCIONAL, AREA DE LAVADO, ASADOR, JARDIN Y EN EL NIVEL SUPERIOR RECAMARA PRINCIPAL CON VESTIDOR BAÑO COMPLETO Y JACUZZI, DOS RECAMARAS MAS CON UN BAÑO PARA COMPARTIR., AREA DE TELEVISION.",https://casa.mercadolibre.com.mx/MLM-2070732153-casa-en-venta-exhacienda-san-jose-toluca-_JM#position%3D6%26search_layout%3Dgrid%26type%3Ditem%26tracking_id%3D8a2e3133-74f1-40aa-8089-f98d822d11e0
Casa En Venta Fraccionamiento  Villa Toscana,Casa en Venta,Publicado hace 3 meses,Inmobiliaria con identidad verificada,$,"2,125,000",115 m2 totales,3 recamaras,2 banos,2,No,2,Si,Si,Si,10 anos,"Carretera Toluca-naucalpan 52, San Mateo Otzacatipan, Toluca, Estado De Mexico","Hermosa casa ubicada en el Fraccionamiento ""Villa Toscana"" la casa cuenta con 3 recamaras, 2.5 banos, sala, comedor, cocina, area de lavado, cuarto de servicio, patio y 2 cajones de estacionamiento, la casa se encuentra en esquina dentro de calle Privada con porton electrico.",https://casa.mercadolibre.com.mx/MLM-3076798038-casa-en-venta-fraccionamiento-villa-toscana-_JM#position%3D7%26search_layout%3Dgrid%26type%3Ditem%26tracking_id%3D8a2e3133-74f1-40aa-8089-f98d822d11e0
"Casa En Venta En Toluca De Lerdo, Edomex.",Casa en Venta,Publicado hace 58 dias,Inmobiliaria con identidad verificada,$,"595,000",50 m2 totales,2 recamaras,1 bano,sin dato,sin dato,1,sin dato,sin dato,sin dato,sin dato,"Calle Jose Maria Morelos Y Pavon 132, Toluca, Toluca, Estado De Mexico","Remate Bancario Listo Para Cesion de Derechos en 45 Dias Habiles, ¡No Creditos!Rodeada de escuelas de prestigio, zonas deportivas centros comerciales, todo a tu alcance aunado a eso un inmueble hasta con un 60% a 70% de ahorro, no pierdas la oportunidad.Descripcion del inmueble:RecamarasBanosComedorCocina.Patio de servicio.1 Cajon de Estacionamiento.Es de exclusividad para ti que CUENTAS CON UN CAPITAL PROPIO y deseas invertirlo en la adquisicion de este tipo de INVERSIÓN DE REMATE INMOBILIARIO POR DEBAJO DE SU VALOR REAL.POR SER UN BIEN DE RECUPERACIÓN BANCARIA NO HAY FOTOS INTERIORES, NO SE PUEDEN VER POR DENTRO, TODA MEJORA O CRECIMIENTO QUE TUVIERA ES ADICIONAL Y SIN COSTO. APROVECHA ESTA OPORTUNIDAD PARA INVERTIR O COMPRAR TU VIVIENDA.",https://casa.mercadolibre.com.mx/MLM-2086280119-casa-en-venta-en-toluca-de-lerdo-edomex-_JM#position%3D8%26search_layout%3Dgrid%26type%3Ditem%26tracking_id%3D8a2e3133-74f1-40aa-8089-f98d822d11e0
